insert into author (id, photo, slug, name, description) values (1, 'YIHMDTOCEOJHZQJTZDXN', 'ligula', 'Mavis', 'consequat varius integer');
insert into author (id, photo, slug, name, description) values (2, 'OBJFCKOOWMZFMYYVNUIR', 'quam', 'Chryste', 'justo morbi ut');
insert into author (id, photo, slug, name, description) values (3, 'DDHBAAMJFPAHJHPHGLTV', 'in', 'Wally', 'imperdiet nullam');
insert into author (id, photo, slug, name, description) values (4, 'QJNQKZLGAFGXFDUUDWQK', 'massa', 'Cordey', 'donec dapibus');
insert into author (id, photo, slug, name, description) values (5, 'AVHFEJJYMIHXYYIJQTDM', 'nisl', 'Martica', 'ridiculus mus');
insert into author (id, photo, slug, name, description) values (6, 'EDUWIZCOYFOFDXIEKEVA', 'tellus', 'Charo', 'etiam faucibus');
insert into author (id, photo, slug, name, description) values (7, 'XQMREKZAIBHVHIUNGTXM', 'morbi', 'Sophie', 'quam nec dui');
insert into author (id, photo, slug, name, description) values (8, 'NIJOGPTYEGZNCQCXGRDV', 'convallis', 'Dore', 'nulla nunc purus');
insert into author (id, photo, slug, name, description) values (9, 'SIYNYKRSTYHMMSMHWDJB', 'est', 'Shel', 'mi pede malesuada');
insert into author (id, photo, slug, name, description) values (10, 'QUXOIGWBHBEKZBYRMXZX', 'habitasse', 'Cynde', 'posuere metus');
insert into author (id, photo, slug, name, description) values (11, 'VDADCJORHGSZELCFHDTR', 'bibendum', 'Nertie', 'pretium iaculis diam');
insert into author (id, photo, slug, name, description) values (12, 'WAWNWVEXKBYKXKNOTJZZ', 'libero', 'Kacie', 'ante ipsum primis');
insert into author (id, photo, slug, name, description) values (13, 'EDSHPZXCUFDRGKNKITZK', 'rhoncus', 'Deni', 'ante vestibulum');
insert into author (id, photo, slug, name, description) values (14, 'FSRKVKKHKCMZNKXWMMPU', 'mi', 'Glenn', 'turpis donec posuere');
insert into author (id, photo, slug, name, description) values (15, 'YXEJHTUCPDLAVZOPFUIV', 'vel', 'Wandie', 'in eleifend');
insert into author (id, photo, slug, name, description) values (16, 'FYTLJLHBQFLJONSAATKF', 'lacus', 'Lorena', 'morbi sem mauris');
insert into author (id, photo, slug, name, description) values (17, 'ZXOPBAVWNHXNTMIVXTYO', 'potenti', 'Dell', 'nam nulla integer');
insert into author (id, photo, slug, name, description) values (18, 'XRIPNXTDBXTTBDEWQCSL', 'cubilia', 'Rena', 'venenatis turpis enim');
insert into author (id, photo, slug, name, description) values (19, 'GBOYKPVSGLWDOGBVUUTC', 'erat', 'Aloysia', 'ut erat id');
insert into author (id, photo, slug, name, description) values (20, 'BWWKFENSDDIYCBJSAEUR', 'in', 'Ariel', 'sed accumsan');

insert into book (id, pub_date, is_bestseller, slug, title, image, description, price, discount) values (1, '18/01/2021', 0, 'vestibulum', 'Hustler, The', 'QCCRMEBFAVQLMDYGWPXX', 'maecenas rhoncus aliquam', 1411, 5);
insert into book (id, pub_date, is_bestseller, slug, title, image, description, price, discount) values (2, '10/02/2021', 1, 'arcu', 'Jewtopia', 'EMRSCSLULRMINLCIPSFC', 'curabitur in libero', 507, 3);
insert into book (id, pub_date, is_bestseller, slug, title, image, description, price, discount) values (3, '27/06/2021', 1, 'velit', 'In the Army Now', 'OIEYKRPJKNDLMPVOODFO', 'ligula in', 817, 3);
insert into book (id, pub_date, is_bestseller, slug, title, image, description, price, discount) values (4, '16/07/2020', 1, 'lacus', 'Good Men, Good Women (Hao nan hao nu)', 'RZUVEGQHOMHDJUXOBFSF', 'mauris lacinia sapien', 1278, 0);
insert into book (id, pub_date, is_bestseller, slug, title, image, description, price, discount) values (5, '26/04/2021', 0, 'volutpat', 'Saimaa Gesture, The (Saimaa-ilmi)', 'ZGANJPXPTKXABLTQDDSC', 'arcu libero', 880, 0);
insert into book (id, pub_date, is_bestseller, slug, title, image, description, price, discount) values (6, '25/07/2020', 0, 'neque', 'Mayerling', 'CPHCYRJRPMAAEVSXYFAZ', 'vitae quam suspendisse', 1256, 3);
insert into book (id, pub_date, is_bestseller, slug, title, image, description, price, discount) values (7, '06/03/2021', 1, 'vestibulum', 'Leech Woman, The', 'XMBRVAOBGDYTUUGPQHXR', 'ultrices posuere cubilia', 753, 1);
insert into book (id, pub_date, is_bestseller, slug, title, image, description, price, discount) values (8, '15/12/2020', 0, 'in', 'Elephant Man, The', 'OCDUECPPLJGHYMNKYCMS', 'in faucibus orci', 1459, 1);
insert into book (id, pub_date, is_bestseller, slug, title, image, description, price, discount) values (9, '20/02/2021', 1, 'elit', 'The Arrival of Joachim Stiller', 'KLULQFFGLSOCJYRMUHNT', 'tempus sit amet', 1188, 2);
insert into book (id, pub_date, is_bestseller, slug, title, image, description, price, discount) values (10, '01/11/2020', 1, 'donec', 'Urban Legend', 'SUHTLHWKJDNTCVWFIJLY', 'aliquam convallis', 840, 0);
insert into book (id, pub_date, is_bestseller, slug, title, image, description, price, discount) values (11, '06/08/2020', 0, 'blandit', 'Branded', 'FMGGIBCRKQDZWTNIQVDB', 'ante vestibulum ante', 1051, 4);
insert into book (id, pub_date, is_bestseller, slug, title, image, description, price, discount) values (12, '02/11/2020', 0, 'fermentum', 'Gypsy', 'OOOUYAWYICXSYOOWQUIU', 'sit amet sem', 418, 0);
insert into book (id, pub_date, is_bestseller, slug, title, image, description, price, discount) values (13, '02/07/2021', 1, 'nam', 'Seventh Veil, The', 'ESAMBPOREEOVYMEVWWZU', 'nulla sed accumsan', 1489, 2);
insert into book (id, pub_date, is_bestseller, slug, title, image, description, price, discount) values (14, '12/01/2021', 0, 'vestibulum', 'Devil Dared Me To, The', 'GXNSONECSJLXIYIEQZRJ', 'semper est quam', 1066, 5);
insert into book (id, pub_date, is_bestseller, slug, title, image, description, price, discount) values (15, '01/08/2020', 0, 'rhoncus', 'Hoop Realities', 'IJZUCZUQNTMMGLIDVKSB', 'congue vivamus', 1236, 5);
insert into book (id, pub_date, is_bestseller, slug, title, image, description, price, discount) values (16, '25/04/2021', 1, 'semper', 'Opposing Force', 'UEKQZKFWDQSZMKTGWNHH', 'nisi nam ultrices', 939, 0);
insert into book (id, pub_date, is_bestseller, slug, title, image, description, price, discount) values (17, '24/12/2020', 0, 'at', 'Voyeur (Abel)', 'SALAQFHHBZFEILDVLSSE', 'aenean lectus pellentesque', 354, 2);
insert into book (id, pub_date, is_bestseller, slug, title, image, description, price, discount) values (18, '09/01/2021', 0, 'ut', 'Death by Hanging (Koshikei)', 'WSVEAIUIXNLQLFZPQKCK', 'phasellus sit', 457, 3);
insert into book (id, pub_date, is_bestseller, slug, title, image, description, price, discount) values (19, '04/10/2020', 1, 'ipsum', 'Howard Zinn: You Can''t Be Neutral on a Moving Train', 'BETOREIRMHDJBSBZJQAS', 'platea dictumst maecenas', 1293, 5);
insert into book (id, pub_date, is_bestseller, slug, title, image, description, price, discount) values (20, '01/04/2021', 1, 'donec', 'U.S. vs. John Lennon, The', 'HHQLBGFUPTYIMSVBVPIB', 'quis tortor id', 872, 3);
insert into book (id, pub_date, is_bestseller, slug, title, image, description, price, discount) values (21, '18/04/2021', 0, 'felis', 'Road, Movie', 'OQYBSEZLWHXAKUTJMEEJ', 'quam a odio', 866, 2);
insert into book (id, pub_date, is_bestseller, slug, title, image, description, price, discount) values (22, '06/07/2020', 0, 'lacus', 'Thieves, The (Dodookdeul)', 'BUJYWUVVKVPDSWMNDZNH', 'venenatis tristique', 1184, 5);
insert into book (id, pub_date, is_bestseller, slug, title, image, description, price, discount) values (23, '22/05/2021', 1, 'ligula', 'Men Without Women', 'ZCPZEHTUPXKWIDMFZFYM', 'sit amet lobortis', 907, 2);
insert into book (id, pub_date, is_bestseller, slug, title, image, description, price, discount) values (24, '06/11/2020', 0, 'luctus', 'Phase 7', 'LBPQTBGCDVOCVXKHCIIY', 'semper rutrum', 880, 1);
insert into book (id, pub_date, is_bestseller, slug, title, image, description, price, discount) values (25, '11/01/2021', 1, 'convallis', 'Crow, The', 'LYLOWNEERJCUUSTFGKUI', 'ligula vehicula consequat', 212, 5);
insert into book (id, pub_date, is_bestseller, slug, title, image, description, price, discount) values (26, '17/10/2020', 1, 'duis', 'Master of the Universe', 'GMJTKCXCHWFYIQKLRRWM', 'metus arcu', 1157, 0);
insert into book (id, pub_date, is_bestseller, slug, title, image, description, price, discount) values (27, '02/09/2020', 0, 'pretium', 'Debt, The', 'JZZTNTUGDRSIDRGDMNLM', 'rhoncus mauris enim', 1361, 2);
insert into book (id, pub_date, is_bestseller, slug, title, image, description, price, discount) values (28, '09/12/2020', 1, 'lobortis', 'Lawless Range', 'SRSYNSTHJLYRTGASIICO', 'sed augue aliquam', 676, 3);
insert into book (id, pub_date, is_bestseller, slug, title, image, description, price, discount) values (29, '22/05/2021', 1, 'donec', 'Jonny Vang', 'VKKHURBFLVBNZNKGCIJL', 'morbi porttitor lorem', 1476, 1);
insert into book (id, pub_date, is_bestseller, slug, title, image, description, price, discount) values (30, '15/08/2020', 1, 'nibh', 'Prometheus', 'MELXRPINOCODNMZERWUF', 'porttitor pede justo', 657, 1);

insert into book2author (id, book_id, author_id, sort_index) values (1, 1, 1, 1);
insert into book2author (id, book_id, author_id, sort_index) values (2, 2, 2, 1);
insert into book2author (id, book_id, author_id, sort_index) values (3, 3, 3, 1);
insert into book2author (id, book_id, author_id, sort_index) values (4, 4, 4, 1);
insert into book2author (id, book_id, author_id, sort_index) values (5, 5, 5, 1);
insert into book2author (id, book_id, author_id, sort_index) values (6, 6, 6, 1);
insert into book2author (id, book_id, author_id, sort_index) values (7, 7, 7, 1);
insert into book2author (id, book_id, author_id, sort_index) values (8, 8, 8, 1);
insert into book2author (id, book_id, author_id, sort_index) values (9, 9, 9, 1);
insert into book2author (id, book_id, author_id, sort_index) values (10, 10, 10, 1);
insert into book2author (id, book_id, author_id, sort_index) values (11, 11, 11, 1);
insert into book2author (id, book_id, author_id, sort_index) values (12, 12, 12, 1);
insert into book2author (id, book_id, author_id, sort_index) values (13, 13, 13, 1);
insert into book2author (id, book_id, author_id, sort_index) values (14, 14, 14, 1);
insert into book2author (id, book_id, author_id, sort_index) values (15, 15, 15, 1);
insert into book2author (id, book_id, author_id, sort_index) values (16, 16, 16, 1);
insert into book2author (id, book_id, author_id, sort_index) values (17, 17, 17, 1);
insert into book2author (id, book_id, author_id, sort_index) values (18, 18, 18, 1);
insert into book2author (id, book_id, author_id, sort_index) values (19, 19, 19, 1);
insert into book2author (id, book_id, author_id, sort_index) values (20, 20, 20, 1);
insert into book2author (id, book_id, author_id, sort_index) values (21, 21, 1, 2);
insert into book2author (id, book_id, author_id, sort_index) values (22, 22, 2, 2);
insert into book2author (id, book_id, author_id, sort_index) values (23, 23, 3, 2);
insert into book2author (id, book_id, author_id, sort_index) values (24, 24, 4, 2);
insert into book2author (id, book_id, author_id, sort_index) values (25, 25, 5, 2);
insert into book2author (id, book_id, author_id, sort_index) values (26, 26, 6, 2);
insert into book2author (id, book_id, author_id, sort_index) values (27, 27, 7, 2);
insert into book2author (id, book_id, author_id, sort_index) values (28, 28, 8, 2);
insert into book2author (id, book_id, author_id, sort_index) values (29, 29, 9, 2);
insert into book2author (id, book_id, author_id, sort_index) values (30, 30, 10, 2);
insert into book2author (id, book_id, author_id, sort_index) values (31, 11, 1, 2);
insert into book2author (id, book_id, author_id, sort_index) values (32, 12, 2, 2);
insert into book2author (id, book_id, author_id, sort_index) values (33, 13, 3, 2);
insert into book2author (id, book_id, author_id, sort_index) values (34, 14, 4, 2);
insert into book2author (id, book_id, author_id, sort_index) values (35, 15, 5, 2);
insert into book2author (id, book_id, author_id, sort_index) values (36, 16, 6, 2);
insert into book2author (id, book_id, author_id, sort_index) values (37, 17, 7, 2);
insert into book2author (id, book_id, author_id, sort_index) values (38, 18, 8, 2);
insert into book2author (id, book_id, author_id, sort_index) values (39, 19, 9, 2);
insert into book2author (id, book_id, author_id, sort_index) values (40, 20, 10, 2);
